ID;Department
0;Data
1;Data
2;Data
3;Data
4;Data
5;Data
6;Data
7;Data
8;Data
9;Data
10;Data
11;Data
12;Data
13;Data
14;Data
15;Data
16;Data
17;Data
18;Data
19;Data
20;Data
21;Data
22;Data
23;Data
24;Data
25;Data
26;Data
27;Data
28;Data
29;Web Dev
30;Web Dev
31;Web Dev
32;Web Dev
33;Web Dev
34;Web Dev
35;Web Dev
36;Web Dev
37;Web Dev
38;Web Dev
39;Web Dev
40;Web Dev
41;Web Dev
42;Web Dev
43;Web Dev
44;Web Dev
45;Web Dev
46;Web Dev
47;Web Dev
48;Web Dev
49;Web Dev
50;Web Dev
51;Web Dev
52;Web Dev
53;Web Dev
54;Web Dev
55;Web Dev
56;Web Dev
57;Web Dev
58;Web Dev
59;Web Dev
60;Web Dev
61;Web Dev
62;Web Dev
63;Web Dev
64;Web Dev
65;Web Dev
66;Web Dev
67;Web Dev
68;Web Dev
69;Web Dev
70;Web Dev
71;Web Dev
72;Web Dev
73;Web Dev
74;Web Dev
75;Web Dev
76;Web Dev
77;Web Dev
78;Web Dev
79;Web Dev
80;Web Dev
81;Web Dev
82;Web Dev
83;Web Dev
84;Web Dev
85;Web Dev
86;Web Dev
87;Web Dev
88;Web Dev
89;Web Dev
90;Web Dev
91;Web Dev
92;Web Dev
93;Web Dev
94;Web Dev
95;Web Dev
96;Web Dev
97;Web Dev
98;Web Dev
99;Web Dev
100;Web Dev
101;Web Dev
102;Web Dev
103;Web Dev
104;Web Dev
105;Web Dev
106;Web Dev
107;Web Dev
108;Web Dev
109;Web Dev
110;Web Dev
111;Web Dev
112;Web Dev
113;Web Dev
114;Web Dev
115;Web Dev
116;Web Dev
117;Web Dev
118;Web Dev
119;Web Dev
120;Web Dev
121;Web Dev
122;Web Dev
123;Web Dev
124;Web Dev
125;Web Dev
126;Web Dev
127;Web Dev
128;Web Dev
129;Web Dev
130;Web Dev
131;Web Dev
132;Web Dev
133;Web Dev
134;Web Dev
135;Web Dev
136;Web Dev
137;Web Dev
138;Web Dev
139;Web Dev
140;Web Dev
141;Web Dev
142;Web Dev
143;Web Dev
144;Web Dev
145;Web Dev
146;Web Dev
147;Web Dev
148;Web Dev
149;Web Dev
150;Web Dev
151;Web Dev
152;Web Dev
153;Web Dev
154;Web Dev
155;Web Dev
156;Web Dev
157;Web Dev
158;Web Dev
159;Web Dev
160;Web Dev
161;Web Dev
162;Web Dev
163;Web Dev
164;Web Dev
165;Web Dev
166;Web Dev
167;Web Dev
168;Web Dev
169;Web Dev
170;Web Dev
171;Web Dev
172;Web Dev
173;Web Dev
174;Web Dev
175;Web Dev
176;Web Dev
177;Web Dev
178;Web Dev
179;Web Dev
180;Web Dev
181;Web Dev
182;Web Dev
183;Web Dev
184;Web Dev
185;Web Dev
186;Web Dev
187;Web Dev
188;Web Dev
189;Web Dev
190;Web Dev
191;Web Dev
192;Web Dev
193;Web Dev
194;Web Dev
195;Web Dev
196;Web Dev
197;Web Dev
198;Web Dev
199;Copywriting
200;Copywriting
201;Copywriting
202;Copywriting
203;Copywriting
204;Copywriting
205;Copywriting
206;Copywriting
207;Copywriting
208;Copywriting
209;Copywriting
210;Copywriting
211;Copywriting
212;Copywriting
213;Copywriting
214;Copywriting
215;Copywriting
216;Copywriting
217;Copywriting
218;Copywriting
219;Copywriting
220;Copywriting
221;Copywriting
222;Copywriting
223;Copywriting
224;Copywriting
225;Copywriting
226;Copywriting
227;Copywriting
228;Copywriting
229;Copywriting
230;Copywriting
231;Copywriting
232;Copywriting
233;Copywriting
234;Copywriting
235;Design
236;Design
237;Design
238;Design
239;Design
240;Design
241;Design
242;Design
243;Design
244;Design
245;Design
246;Design
247;Design
248;Design
249;Design
250;Design
251;Design
252;Design
253;Design
254;Design
255;Design
256;Design
257;Design
258;Design
259;Design
260;Design
261;Design
262;Design
263;Design
264;Design
265;Design
266;Design
267;Design
268;Design
269;Design
270;Design
271;Design
272;Design
273;Design
274;Design
275;Design
276;Design
277;Design
278;Design
279;Design
280;Design
281;Design
282;Design
283;Design
284;Design
285;Design
286;Design
287;Design
288;Design
289;Design
290;Design
291;Design
292;Design
293;Design
294;Design
295;Design
296;Design
297;Design
298;Design
299;Design
300;Design
301;Design
302;Design
303;Design
304;Design
305;Design
306;Design
307;Design
308;Design
309;Design
310;Design
311;Design
312;Design
313;Design
314;Design
315;Design
316;Design
317;Design
318;Design
319;Design
320;Design
321;Design
322;Design
323;Design
324;Design
325;Design
326;Design
327;Design
328;Design
329;Design
330;Design
331;Design
332;Design
333;Design
334;Design
335;Design
336;Design
337;Design
338;Design
339;Design
340;Design
341;Design
342;Design
343;Design
344;Design
345;Design
346;Design
347;Design
348;Design
349;Design
350;Design
351;Design
352;Design
353;Design
354;Design
355;Strategy
356;Strategy
357;Strategy
358;Strategy
359;Strategy
360;Strategy
361;Strategy
362;Strategy
363;Strategy
364;Strategy
365;Strategy
366;Strategy
367;Strategy
368;Strategy
369;Strategy
370;Strategy
371;Strategy
372;Strategy
373;Strategy
374;Strategy
375;Strategy
376;Strategy
377;Strategy
378;Strategy
379;Strategy
380;Strategy
381;Strategy
382;Strategy
383;Strategy
384;Strategy
385;Strategy
386;Strategy
387;Strategy
388;Strategy
389;Strategy
390;Strategy
391;Strategy
392;Strategy
393;Strategy
394;Strategy
395;Strategy
396;Strategy
397;Strategy
398;Strategy
399;Strategy
400;Strategy
401;Strategy
402;Strategy
403;Strategy
404;Strategy
405;Strategy
406;Strategy
407;Strategy
408;Strategy
409;Strategy
410;Strategy
411;Strategy
412;Strategy
413;Strategy
414;Strategy
415;Strategy
416;Strategy
417;Strategy
418;Strategy
419;Strategy
420;Strategy
421;Strategy
422;Strategy
423;Strategy
424;Strategy
425;Strategy
426;Strategy
427;Strategy
428;Strategy
429;Strategy
430;Strategy
431;Strategy
432;Strategy
433;Strategy
434;Strategy
435;Strategy
436;Strategy
437;Strategy
438;Strategy
439;Strategy
440;Strategy
441;Strategy
442;Strategy
443;Strategy
444;Strategy
445;Strategy
446;Strategy
447;Strategy
448;Strategy
449;Strategy
450;Strategy
451;Strategy
452;Strategy
453;Strategy
454;Strategy
455;Strategy
456;Strategy
457;Strategy
458;Strategy
459;Strategy
460;Strategy
461;Strategy
462;Strategy
463;Strategy
464;Strategy
465;Strategy
466;Strategy
467;Strategy
468;Strategy
469;Strategy
470;Strategy
471;Strategy
472;Strategy
473;Strategy
474;Strategy
475;Strategy
476;Strategy
477;Strategy
478;Strategy
479;Strategy
480;Strategy
481;Strategy
482;Strategy
483;Strategy
484;Strategy
485;Strategy
486;Strategy
487;Strategy
488;Strategy
489;Strategy
490;Strategy
491;Strategy
492;Strategy
493;Strategy
494;Strategy
495;Strategy
496;Strategy
497;Strategy
498;Strategy
499;Strategy
500;Strategy
501;Strategy
502;Strategy
503;Strategy
504;Strategy
505;Strategy
506;Strategy
507;Strategy
508;Strategy
509;Strategy
510;Strategy
511;Strategy
512;Strategy
513;Strategy
514;Strategy
515;Strategy
516;Strategy
517;Strategy
518;Strategy
519;Strategy
520;Strategy
521;Strategy
522;Strategy
523;Strategy
524;Strategy
525;Strategy
526;Strategy
527;Strategy
528;Strategy
529;Strategy
530;Strategy
531;Strategy
532;Strategy
533;Strategy
534;Strategy
535;Strategy
536;Strategy
537;Strategy
538;Strategy
539;Strategy
540;Strategy
541;Strategy
542;Strategy
543;Strategy
544;Strategy
545;Strategy
546;Strategy
547;Strategy
548;Strategy
549;Strategy
550;Strategy
551;Strategy
552;Strategy
553;Strategy
554;Strategy
555;Strategy
556;Strategy
557;Strategy
558;Strategy
559;Strategy
560;Strategy
561;Strategy
562;Strategy
563;Strategy
564;Strategy
565;Strategy
566;Strategy
567;Strategy
568;Strategy
569;Strategy
570;Strategy
571;Strategy
572;Strategy
573;Strategy
574;Strategy
575;Strategy
576;Strategy
577;Strategy
578;Strategy
579;Strategy
580;Strategy
581;Strategy
582;Strategy
583;Strategy
584;Strategy
585;Strategy
586;Strategy
587;Strategy
588;Strategy
589;Strategy
590;Strategy
591;Strategy
592;Strategy
593;Strategy
594;Strategy
595;Strategy
596;Strategy
597;Strategy
598;Strategy
599;Strategy
600;Strategy
601;Strategy
602;Strategy
603;Strategy
604;Strategy
605;Strategy
606;Strategy
607;Strategy
608;Strategy
609;Strategy
610;Strategy
611;Strategy
612;Strategy
613;Strategy
614;Strategy
615;Strategy
616;Strategy
617;Strategy
618;Strategy
619;Strategy
620;Strategy
621;Strategy
622;Strategy
623;Strategy
624;Strategy
625;Strategy
626;Strategy
627;Strategy
628;Strategy
629;Strategy
630;Strategy
631;Strategy
632;Strategy
633;Strategy
634;Strategy
635;Strategy
636;Strategy
637;Strategy
638;Strategy
639;Strategy
640;Strategy
641;Strategy
642;Strategy
643;Strategy
644;Strategy
645;Strategy
646;Strategy
647;Strategy
648;Strategy
649;Strategy
650;Strategy
651;Strategy
652;Strategy
653;Strategy
654;Strategy
655;Strategy
656;Strategy
657;Strategy
658;Strategy
659;Strategy
660;Strategy
661;Strategy
662;Strategy
663;Strategy
664;Strategy
665;Strategy
666;Strategy
667;Strategy
668;Strategy
669;Strategy
670;Strategy
671;Strategy
672;Strategy
673;Strategy
674;Strategy
675;Strategy
676;Strategy
677;Strategy
678;Strategy
679;Strategy
680;Strategy
681;Strategy
682;Strategy
683;Strategy
684;Strategy
685;Strategy
686;Strategy
687;Strategy
688;Strategy
689;Strategy
690;Strategy
691;Strategy
692;Strategy
693;Strategy
694;Strategy
695;Strategy
696;Strategy
697;Strategy
698;Strategy
699;Strategy
700;Strategy
701;Strategy
702;Strategy
703;Strategy
704;Strategy
705;Strategy
706;Strategy
707;Strategy
708;Strategy
709;Strategy
710;Strategy
711;Strategy
712;Strategy
713;Strategy
714;Strategy
715;Strategy
716;Strategy
717;Strategy
718;Strategy
719;Strategy
720;Strategy
721;Strategy
722;Strategy
723;Strategy
724;Strategy
725;Strategy
726;Strategy
727;Strategy
728;Strategy
729;Strategy
730;Strategy
731;Strategy
732;Strategy
733;Strategy
734;Strategy
735;Strategy
736;Strategy
737;Strategy
738;Strategy
739;Strategy
740;Strategy
741;Strategy
742;Strategy
743;Strategy
744;Strategy
745;Strategy
746;Strategy
747;Strategy
748;Strategy
749;Strategy
750;Strategy
751;Strategy
752;Strategy
753;Strategy
754;Strategy
755;Strategy
756;Strategy
757;Strategy
758;Strategy
759;Strategy
760;Strategy
761;Strategy
762;Strategy
763;Strategy
764;Strategy
765;Strategy
766;Strategy
767;Strategy
768;Strategy
769;Strategy
770;Strategy
771;Strategy
772;Strategy
773;Strategy
774;Strategy
775;Strategy
776;Strategy
777;Strategy
778;Strategy
779;Strategy
780;Strategy
781;Strategy
782;Strategy
783;Strategy
784;Strategy
785;Strategy
786;Strategy
787;Strategy
788;Strategy
789;Strategy
790;Strategy
791;Strategy
792;Strategy
793;Strategy
794;Strategy
795;Strategy
796;Strategy
797;Strategy
798;Strategy
799;Strategy
800;Strategy
801;Strategy
802;Strategy
803;Strategy
804;Data
805;Data
806;Data
807;Data
808;Data
809;Data
810;Data
811;Data
812;Data
813;Data
814;Data
815;Data
816;Data
817;Data
818;Data
819;Data
820;Data
821;Data
822;Data
823;Data
824;Data
825;Data
826;Data
827;Data
828;Data
829;Data
830;Data
831;Data
832;Data
833;Data
834;Data
835;Data
836;Data
837;Data
838;Data
839;Data
840;Data
841;Data
842;Data
843;Data
844;Data
845;Data
846;Data
847;Data
848;Data
849;Data
850;Data
851;Data
852;Data
853;Data
854;Data
855;Data
856;Data
857;Data
858;Data
859;Data
860;Data
861;Data
862;Data
863;Data
864;Data
865;Data
866;Data
867;Data
868;Data
869;Data
870;Data
871;Data
872;Data
873;Data
874;Data
875;Data
876;Data
877;Data
878;Data
879;Data
880;Data
881;Data
882;Data
883;Data
884;Data
885;Data
886;Data
887;Data
888;Data
889;Data
890;Data
891;Data
892;Data
893;Data
894;Data
895;Data
896;Data
897;Data
898;Data
899;Data
900;Data
901;Data
902;Data
903;Data
904;Data
905;Data
906;Data
907;Data
908;Data
909;Data
910;Data
911;Data
912;Data
913;Data
914;Data
915;Data
916;Data
917;Data
918;Data
919;Data
920;Data
921;Data
922;Data
923;Data
924;Data
925;Data
926;Data
927;Data
928;Data
929;Data
930;Data
931;Data
932;Data
933;Data
934;Data
935;Data
936;Data
937;Data
938;Data
939;Data
940;Data
941;Data
942;Data
943;Data
944;Data
945;Data
946;Data
947;Data
948;Data
949;Data
950;Data
951;Data
952;Data
953;Data
954;Data
955;Data
956;Data
957;Data
958;Data
959;Data
960;Data
961;Data
962;Data
963;Data
964;Data
965;Data
966;Data
967;Data
968;Data
969;Data
970;Data
971;Data
972;Data
973;Data
974;Data
975;Data
976;Data
977;Data
978;Data
979;Data
980;Data
981;Data
982;Data
983;Data
984;Data
985;Data
986;Data
987;Data
988;Data
989;Data
990;Data
991;Data
992;Data
993;Data
994;Data
995;Data
996;Data
997;Data
998;Data
999;Data
1000;Data
1001;Data
1002;Data
1003;Data
1004;Data
1005;Data
1006;Data
1007;Data
1008;Data
1009;Data
1010;Data
1011;Data
1012;Data
1013;Data
1014;Data
1015;Data
1016;Data
1017;Data
1018;Data
1019;Data
1020;Data
1021;Data
1022;Data
1023;Data
1024;Data
1025;Data
1026;Data
1027;Data
1028;Data
1029;Data
1030;Data
1031;Data
1032;Data
1033;Data
1034;Data
1035;Data
1036;Data
1037;Data
1038;Data
1039;Data
1040;Data
1041;Data
1042;Data
1043;Data
1044;Data
1045;Data
1046;Data
1047;Data
1048;Data
1049;Data
1050;Data
1051;Data
1052;Data
1053;Data
1054;Data
1055;Data
1056;Data
1057;Data
1058;Data
1059;Data
1060;Data
1061;Data
1062;Data
1063;Data
1064;Data
1065;Data
1066;Data
1067;Data
1068;Data
1069;Data
1070;Data
1071;Data
1072;Data
1073;Data
1074;Data
1075;Data
1076;Data
1077;Data
1078;Data
1079;Data
1080;Data
1081;Data
1082;Data
1083;Data
1084;Data
1085;Data
1086;Data
1087;Data
1088;Data
1089;Data
1090;Data
1091;Data
1092;Data
1093;Data
1094;Data
1095;Data
1096;Data
1097;Data
1098;Data
1099;Data
1100;Data
1101;Data
1102;Data
1103;Data
1104;Copywriting
1105;Copywriting
1106;Copywriting
1107;Copywriting
1108;Copywriting
1109;Copywriting
1110;Copywriting
1111;Copywriting
1112;Copywriting
1113;Copywriting
1114;Copywriting
1115;Copywriting
1116;Copywriting
1117;Copywriting
1118;Copywriting
1119;Copywriting
1120;Copywriting
1121;Copywriting
1122;Copywriting
1123;Copywriting
1124;Copywriting
1125;Copywriting
1126;Copywriting
1127;Copywriting
1128;Copywriting
1129;Copywriting
1130;Copywriting
1131;Copywriting
1132;Copywriting
1133;Copywriting
1134;Copywriting
1135;Copywriting
1136;Copywriting
1137;Copywriting
1138;Copywriting
1139;Copywriting
1140;Copywriting
1141;Copywriting
1142;Copywriting
1143;Copywriting
1144;Copywriting
1145;Copywriting
1146;Copywriting
1147;Copywriting
1148;Copywriting
1149;Copywriting
1150;Copywriting
1151;Copywriting
1152;Copywriting
1153;Copywriting
1154;Copywriting
1155;Copywriting
1156;Copywriting
1157;Copywriting
1158;Copywriting
1159;Copywriting
1160;Copywriting
1161;Copywriting
1162;Copywriting
1163;Copywriting
1164;Copywriting
1165;Copywriting
1166;Copywriting
1167;Copywriting
1168;Copywriting
1169;Copywriting
1170;Copywriting
1171;Copywriting
1172;Copywriting
1173;Copywriting
1174;Copywriting
1175;Copywriting
1176;Copywriting
1177;Copywriting
1178;Copywriting
1179;Copywriting
1180;Copywriting
1181;Copywriting
1182;Copywriting
1183;Copywriting
1184;Copywriting
1185;Copywriting
1186;Copywriting
1187;Copywriting
1188;Copywriting
1189;Copywriting
1190;Copywriting
1191;Copywriting
1192;Copywriting
1193;Copywriting
1194;Copywriting
1195;Copywriting
1196;Copywriting
1197;Copywriting
1198;Copywriting
1199;Copywriting
1200;Copywriting
1201;Copywriting
1202;Copywriting
1203;Copywriting
1204;Copywriting
1205;Copywriting
1206;Copywriting
1207;Copywriting
1208;Copywriting
1209;Copywriting
1210;Copywriting
1211;Copywriting
1212;Copywriting
1213;Copywriting
1214;Copywriting
1215;Copywriting
1216;Copywriting
1217;Copywriting
1218;Copywriting
1219;Copywriting
1220;Copywriting
1221;Copywriting
1222;Copywriting
1223;Copywriting
1224;Copywriting
1225;Copywriting
1226;Copywriting
1227;Copywriting
1228;Copywriting
1229;Copywriting
1230;Copywriting
1231;Copywriting
1232;Copywriting
1233;Copywriting
1234;Copywriting
1235;Copywriting
1236;Copywriting
1237;Copywriting
1238;Copywriting
1239;Copywriting
1240;Copywriting
1241;Copywriting
1242;Copywriting
1243;Copywriting
1244;Copywriting
1245;Copywriting
1246;Copywriting
1247;Copywriting
1248;Copywriting
1249;Copywriting
1250;Copywriting
1251;Copywriting
1252;Copywriting
1253;Copywriting
1254;Copywriting
1255;Copywriting
1256;Copywriting
1257;Copywriting
1258;Copywriting
1259;Copywriting
1260;Copywriting
1261;Copywriting
1262;Copywriting
1263;Copywriting
1264;Copywriting
1265;Copywriting
1266;Copywriting
1267;Copywriting
1268;Copywriting
1269;Copywriting
1270;Copywriting
1271;Copywriting
1272;Copywriting
1273;Copywriting
1274;Copywriting
1275;Copywriting
1276;Copywriting
1277;Copywriting
1278;Copywriting
1279;Copywriting
1280;Copywriting
1281;Copywriting
1282;Copywriting
1283;Copywriting
1284;Copywriting
1285;Copywriting
1286;Copywriting
1287;Copywriting
1288;Copywriting
1289;Copywriting
1290;Copywriting
1291;Copywriting
1292;Copywriting
1293;Copywriting
1294;Copywriting
1295;Copywriting
1296;Copywriting
1297;Copywriting
1298;Copywriting
1299;Copywriting
1300;Copywriting
1301;Copywriting
1302;Copywriting
1303;Copywriting
1304;Copywriting
1305;Copywriting
1306;Copywriting
1307;Copywriting
1308;Copywriting
1309;Copywriting
1310;Copywriting
1311;Copywriting
1312;Copywriting
1313;Copywriting
1314;Copywriting
1315;Copywriting
1316;Copywriting
1317;Copywriting
1318;Copywriting
1319;Copywriting
1320;Copywriting
1321;Copywriting
1322;Copywriting
1323;Copywriting
1324;Copywriting
1325;Copywriting
1326;Copywriting
1327;Copywriting
1328;Copywriting
1329;Copywriting
1330;Copywriting
1331;Copywriting
1332;Copywriting
1333;Copywriting
1334;Copywriting
1335;Copywriting
1336;Copywriting
1337;Copywriting
1338;Copywriting
1339;Copywriting
1340;Copywriting
1341;Copywriting
1342;Copywriting
1343;Copywriting
1344;Copywriting
1345;Copywriting
1346;Copywriting
1347;Copywriting
1348;Copywriting
1349;Copywriting
1350;Copywriting
1351;Copywriting
1352;Copywriting
1353;Copywriting
1354;Copywriting
1355;Copywriting
1356;Copywriting
1357;Copywriting
1358;Copywriting
1359;Copywriting
1360;Copywriting
1361;Copywriting
1362;Copywriting
1363;Copywriting
1364;Copywriting
1365;Copywriting
1366;Copywriting
1367;Copywriting
1368;Copywriting
1369;Copywriting
1370;Copywriting
1371;Copywriting
1372;Copywriting
1373;Copywriting
1374;Copywriting
1375;Copywriting
1376;Copywriting
1377;Copywriting
1378;Copywriting
1379;Copywriting
1380;Copywriting
1381;Copywriting
1382;Copywriting
1383;Copywriting
1384;Copywriting
1385;Copywriting
1386;Copywriting
1387;Copywriting
1388;Copywriting
1389;Copywriting
1390;Copywriting
1391;Copywriting
1392;Copywriting
1393;Copywriting
1394;Web dev
1395;Web dev
1396;Web dev
1397;Web dev
1398;Web dev
1399;Web dev
1400;Web dev
1401;Web dev
1402;Web dev
1403;Web dev
1404;Web dev
1405;Web dev
1406;Web dev
1407;Web dev
1408;Web dev
1409;Web dev
1410;Web dev
1411;Web dev
1412;Web dev
1413;Web dev
1414;Web dev
1415;Web dev
1416;Web dev
1417;Web dev
1418;Web dev
1419;Web dev
1420;Web dev
1421;Web dev
1422;Web dev
1423;Web dev
1424;Web dev
1425;Web dev
1426;Web dev
1427;Web dev
1428;Web dev
1429;Web dev
1430;Web dev
1431;Web dev
1432;Web dev
1433;Web dev
1434;Web dev
1435;Web dev
1436;Web dev
1437;Web dev
1438;Web dev
1439;Web dev
1440;Web dev
1441;Web dev
1442;Web dev
1443;Web dev
1444;Web dev
1445;Web dev
1446;Web dev
1447;Web dev
1448;Web dev
1449;Web dev
1450;Web dev
1451;Web dev
1452;Web dev
1453;Web dev
1454;Web dev
1455;Web dev
1456;Web dev
1457;Web dev
1458;Web dev
1459;Web dev
1460;Web dev
1461;Web dev
1462;Web dev
1463;Web dev
1464;Web dev
1465;Web dev
1466;Web dev
1467;Web dev
1468;Web dev
1469;Web dev
1470;Web dev
1471;Web dev
1472;Web dev
1473;Web dev
1474;Web dev
1475;Web dev
1476;Web dev
1477;Web dev
1478;Web dev
1479;Web dev
1480;Web dev
1481;Web dev
1482;Web dev
1483;Web dev
1484;Web dev
1485;Web dev
1486;Web dev
1487;Web dev
1488;Web dev
1489;Web dev
1490;Web dev
1491;Web dev
1492;Web dev
1493;Web dev
1494;Web dev
1495;Web dev
1496;Web dev
1497;Web dev
1498;Web dev
1499;Web dev
1500;Web dev
1501;Web dev
1502;Web dev
1503;Web dev
1504;Web dev
1505;Web dev
1506;Web dev
1507;Web dev
1508;Web dev
1509;Web dev
1510;Web dev
1511;Web dev
1512;Web dev
1513;Web dev
1514;Web dev
1515;Web dev
1516;Web dev
1517;Web dev
1518;Web dev
1519;Web dev
1520;Web dev
1521;Web dev
1522;Web dev
1523;Web dev
1524;Web dev
1525;Web dev
1526;Web dev
1527;Web dev
1528;Web dev
1529;Web dev
1530;Web dev
1531;Web dev
1532;Web dev
1533;Web dev
1534;Web dev
1535;Web dev
1536;Web dev
1537;Web dev
1538;Web dev
1539;Web dev
1540;Web dev
1541;Web dev
1542;Web dev
1543;Web dev
1544;Web dev
1545;Web dev
1546;Web dev
1547;Web dev
1548;Web dev
1549;Web dev
1550;Web dev
1551;Web dev
1552;Web dev
1553;Web dev
1554;Web dev
